"Zone";"CodeZone";"I_01_03_4";"I_06_01_2";"I_07_01_2";"I_07_01_3";"I_08_08_2";"I_10_00_0";"I_10_00_1";"I_10_00_2";"I_12_08_1";"I_12_01_5";"I_12_05_5";"I_13_01_1";"I_16_02_6";"I_18_03_1";"I_18_04_1";"I_18_04_2";"I_18_05_1";"I_18_05_2";"I_18_05_3";"I_19_01_1";"I_20_01_1";"I_22_04_3";"I_23_02_1";"I_23_02_2";"I_24_01_5";"I_24_01_4";"I_27_01_3";"I_THD"
"Ain";"01";0.255616659283012;21.9624806925207;39.8667118204233;14.7187464740019;4.81949704984408;52.0285336082344;17.599371130351;69.1483652972044;0.882906134226481;12.4421424827427;2.06598205770325;11.5215844739763;7.52074539147476;0;0;37.0967741935484;5.45454545454545;5.45454545454545;6.18556701030928;15.7303370786517;28.7373004354136;14.9770391430939;6.22950597165308;81.6811033847233;7.25092513180233;100;7.13032407006821;51.7355691190922
"Aisne";"02";0.28727952252924;43.2052736048108;29.66857007397;18.8696559273517;4.59070780332928;49.2473390626301;20.5783340965056;58.7841753135041;1.04481484081141;11.635510795337;0.991248460172424;11.1115822203378;10.6136718776545;20;0.890207715133531;22.0720720720721;22.2222222222222;4.44444444444444;10;71.0144927536232;78.343949044586;4.060756538744;5.41077332618306;79.3775154541105;7.76308329658684;100;5.65018948768943;35.0782832122442
"Allier";"03";0.417962052098556;38.2051256847427;32.2597639459308;16.0939313227591;4.3776653618727;50.8252075528968;19.5057738391117;61.982059858637;1.01224804770879;10.6694594638479;0.810686444379174;11.7664378832799;11.7876301810026;50;0;18.0327868852459;5;16.25;10;2.94117647058824;18.0094786729858;7.82558012760147;3.10315591863377;79.5996011401692;9.41520774670468;100;3.30531071905992;39.5510252891057
"Alpes-de-Haute-Provence";"04";0.402388598583984;28.4852488124702;36.6944625079101;15.3782233901008;6.18110724199998;52.2378107357664;21.9157824632803;62.7105892796764;0.77035552267738;11.1327539706323;1.29091124117735;13.2068311195446;12.620642350591;0;0;0;11.6279069767442;18.6046511627907;7.69230769230769;16.4705882352941;21.7177914110429;28.1600314508877;2.87130277086227;79.9170327001033;12.3152709359606;100;1.17341525256804;35.8609565764632
"Hautes-Alpes";"05";0.357837310069943;26.9114206934152;38.742997351196;11.9067724287102;6.09248542425851;51.5681342753572;21.7604241653769;67.4620637742567;0.507161277415906;10.3027919779788;0.444826017114263;14.1275710142361;16.3092361486702;0;0;5.88235294117647;0;0;0;18.3333333333333;22.5371120107962;38.303489941722;3.87000239970602;74.8955793959054;15.7274293516725;100;1.30463350586712;35.2541540716953
"Alpes-Maritimes";"06";0.380394161562896;27.9365134247607;43.5342529430636;16.6977743236217;19.8492664736489;51.7477724139799;23.6000874146311;64.0005902701745;0.739576725365647;13.2820273316141;3.4266285904725;7.90275026674873;15.950921449106;NA;0;2.5;0;0;0;4.44444444444444;22.3088923556942;33.4226857881625;13.1325242605144;64.7740788953284;12.7479433441151;100;8.96236085985968;60.8895432587096
"Ardèche";"07";0.37383317612492;31.0349988212664;36.6037099011881;14.6200652549442;3.80332422638731;52.186039081267;18.0528335787442;63.1553064522246;0.6710602430415;12.2016715445192;1.30898371261071;15.964282733873;8.67651440021347;21.2765957446809;0;0;0;0;6.25;2.04081632653061;14.8505303760849;9.37312780142359;2.37199870409414;83.9665952582596;9.15066334554456;100;2.72192537602554;28.8019537628556
"Ardennes";"08";0.298022819169866;48.4073990401034;31.3230678991634;17.5566405835122;3.52037747257479;49.3943799577397;17.2199958628734;58.9484822155676;0.741590153429131;10.4736721085307;1.09991187559827;11.4868905396606;11.7534752696339;0;0.478468899521531;16.5562913907285;8.84955752212389;2.65486725663717;7.07964601769912;4.91803278688525;30.6493506493506;17.6582021121511;3.01998062124551;80.7454832051455;8.86616734890871;100;3.80130531070742;35.1877426889841
"Ariège";"09";0.400761361066501;37.8488664657344;33.9624158814832;15.1144305418348;3.60281663153705;51.0099151609473;21.4589141795445;61.1331170415706;1.25917643759361;11.6036580154412;1.08072968346919;13.4580416967644;9.84393576282304;0;1.75438596491228;3.03030303030303;8.88888888888889;20;28.8888888888889;19.0082644628099;15.3794492948287;15.3431510352635;2.2699108593302;82.0423288615795;10.3556307103438;100;1.60083031739046;35.0931666058172
"Aube";"10";0.318276523892047;41.3770918723879;33.6657850437167;17.8343556120428;6.54732613913406;50.6443491261103;21.6832971274522;60.9153441123472;1.03215197573237;10.978810819036;0.955576727262536;11.546662646191;11.9067394148542;0;20.3821656050955;20.353982300885;24.2105263157895;11.5789473684211;5.26315789473684;5.78512396694215;23.4875444839858;11.1430443956501;4.66215432859974;79.3500784507325;7.82228800301207;100;4.18830044682914;37.6229398077777
"Aude";"11";0.397786519763465;45.4760915667357;32.328933943202;17.7065940306632;5.04364427744722;52.1303358282118;21.955922902897;57.5796876948169;0.757832637802408;13.1005818786367;0.664483919495819;13.1509997208084;11.6319880236907;0;13.3004926108374;31.6455696202532;0;2.77777777777778;0;6.28930817610063;26.9900497512438;39.3671606829599;2.52594226734345;81.0224789350372;9.79539124105965;100;2.91490380045908;34.5722248647363
"Aveyron";"12";0.43111490231869;28.3263702146953;41.3388539406694;11.1651399693813;3.86669554055967;52.0080119959664;18.8120188117333;67.3476718544834;0.503696130163419;9.60264386898574;0.990541713625737;17.2909381496569;14.4832102608932;8.16326530612245;0;1.8348623853211;0;0;0;1.32450331125828;47.6190476190476;10.1306849673603;1.65946503010163;78.1115860982776;9.07968590746616;100;1.61993469189299;31.4935681319081
"Bouches-du-Rhône";"13";0.297648360904798;40.4413484652911;42.8999097014821;17.1102124018923;12.8154828041919;50.7625820893392;23.0634840049217;59.0186148837405;0.921224803244743;13.3447245257603;3.1262965230591;10.1129931131136;13.4435604816938;0;0;27.906976744186;0;10.7142857142857;4.91803278688525;16.9312169312169;25.5364806866953;51.7299725427403;14.2410265494368;70.2813756132093;13.0105195783395;90.9090909090909;14.026543856314;66.2240604912485
"Calvados";"14";0.300706881352877;30.3747100709494;38.4258053145053;13.7130666489467;7.80407319840824;49.2850704604555;21.1660501475399;62.9803958695593;0.785325619654398;12.0028177762292;1.6670029970367;12.0751002774233;10.7219575264376;0;10.7843137254902;4.57516339869281;7.86516853932584;15.7303370786517;6.74157303370786;10.3305785123967;10.1545253863135;3.64500880173613;5.60204876412602;79.8481152882933;9.53515055843572;72.7272727272727;6.36190540307796;65.210966262494
"Cantal";"15";0.433025596695556;26.9698604713438;36.6764223730004;10.4465041363536;3.43188770527746;51.5364036987206;20.427293524637;68.058367471614;0.434642155350321;8.87987166179107;0.549375443721605;16.3516330785268;16.0332545349338;5.55555555555556;0;0;25;0;0;28.9719626168224;7.51231527093596;15.0176877815177;1.35876279586743;76.7375765513546;9.88964520045288;100;1.4554437866178;37.8991017104544
"Charente";"16";0.375500640936727;37.3799507974154;34.2476466233789;14.7666085930318;3.611839794821;52.7382015391372;21.1130896756036;63.7973602243494;0.848663103231264;10.5367908767342;1.37251087253256;11.8641745231309;8.73330980950902;0;15.1724137931034;17.96875;19.6969696969697;6.06060606060606;9.23076923076923;30.3108808290155;36.8541905855339;8.52358060692409;3.01944271198994;83.4478815475487;8.42157619124326;100;4.59920822546466;45.23393377685
"Charente-Maritime";"17";0.413418802281795;31.4879351717916;35.0424355128805;14.309292307946;5.38991411890831;51.8013418511582;20.0976168731615;61.824670596194;0.870596923516352;12.3073219383018;1.03356073432661;12.3436625767911;10.5012954415546;0;28.4916201117318;10.1449275362319;17.0454545454545;9.09090909090909;4.54545454545455;3.89344262295082;21.9288793103448;18.1040403823955;3.1859632874916;81.5384532398774;10.8776010887019;100;5.50117124088969;36.7882345986629
"Cher";"18";0.383945078355484;37.5953399998826;34.80400578407;14.6613111013118;4.46003281787723;49.7521122067979;19.2213486859128;62.7726567177886;0.778441165702858;10.8325589671603;1.60773164090478;10.785251899803;10.8084129982307;0;10.2040816326531;15;18.8405797101449;31.8840579710145;1.44927536231884;8.51063829787234;9.85442329227324;9.62120093543759;3.52741934643818;81.0437523099149;7.38066845005963;100;2.98550812593904;36.1308466397892
"Corrèze";"19";0.425298570100125;28.2212887361561;36.1370103535709;13.8933061745845;3.55106333746901;50.7244020071819;20.8574461872695;65.7777635481289;0.825143330764575;10.109137258026;1.0209514589402;13.1139403533721;10.8637339622278;2.94117647058824;0;2.56410256410256;0;0;0;1.11111111111111;89.4736842105263;9.50075479152184;1.90179833911164;83.4709743668177;10.1102179497804;100;2.52229142194638;31.7226075786769
"Côte-d'Or";"21";0.293661399108189;22.7917367195765;43.6440160101991;12.8064120804299;8.49754474159498;50.7324625122541;22.861388954899;65.2200077217502;0.778462535915239;11.4022179261525;2.17523677561419;11.5211651875327;15.6864934278998;8.33333333333333;0.483091787439614;24;10;6.92307692307692;21.3114754098361;2.97619047619048;38.9719626168224;22.0262115878925;11.2475507602054;72.2029466944863;9.89875418721066;100;3.75512254945004;52.0933539955068
"Côtes-d'Armor";"22";0.400853167604701;30.4121231288069;38.405550356662;10.8377968697108;3.60089289656413;49.8080907029988;19.3517803275962;64.1188011978699;0.718628783430334;10.3533355934757;1.31335626684056;17.0205216501082;8.69760268778516;0;7.6530612244898;17.9775280898876;37.7777777777778;22.2222222222222;0;3.73831775700935;14.093567251462;2.54225014713158;2.3581516228787;83.7133828706756;8.90530083010126;100;5.53517777269807;32.3669109212036
"Creuse";"23";0.48058139839554;31.5316056704611;32.7148857114553;13.5995697147584;3.43015164158265;48.2997126302907;25.1725909473445;63.2730385481821;0.725319335339286;10.384581536566;0.571937043555226;16.9818075308361;12.4814412368815;6.66666666666667;0;9.09090909090909;0;0;0;2.38095238095238;6.80147058823529;7.10873940853015;1.48121154687062;78.5718977131486;10.1176802315456;100;1.37923058138318;27.8200659685529
"Dordogne";"24";0.444423230483662;34.7788936993921;31.1138978063885;16.5361219859849;3.65940171483585;52.3957352140047;22.0697356831577;61.8128986157346;0.886863584013883;11.5749671196843;0.635897389863514;11.532902719292;9.52680922396361;2.56410256410256;0.28735632183908;3.44827586206897;0;2.80373831775701;4.12371134020619;19.4690265486726;12.4873096446701;3.30874431808521;1.99007217585305;82.5989629875327;8.98282694848085;100;2.31670585664859;26.3052834147197
"Doubs";"25";0.279193264551357;30.5788505449717;41.0212106538467;13.8438756549007;6.55907595895643;48.5153460100892;17.5849335316668;65.0385001051055;0.536119156988233;12.1915130903349;2.79163043778449;12.2649818760798;13.280629936445;10;0;4.76190476190476;0;0;8.47457627118644;13.5802469135802;26.1977573904179;13.0158852463906;6.697810181046;78.5161569336297;10.2485459407903;100;5.98094458757331;58.6052884137501
"Drôme";"26";0.324536421432555;34.1168868063403;38.8619358809231;16.3292843379298;4.96091559820299;53.0044627923765;18.4213618389079;63.7012871460077;0.81301737697695;12.6049714477662;2.09537080786545;12.8637527980984;9.80049468979827;8.69565217391304;1.10497237569061;7.60869565217391;10.4347826086957;14.7826086956522;5.94059405940594;6.93877551020408;31.5789473684211;10.305119466016;4.30579632578725;81.2846126187796;9.23553416847137;100;3.5954815135236;45.4532452965581
"Eure";"27";0.266984816647667;34.051018546919;32.6872360501284;16.5368573355394;5.63692054456074;51.3856684407209;20.3941319890979;64.7000002838682;0.879766456590129;12.3127204814277;2.10922971793879;9.04380682787512;7.52170204374306;0;6.33802816901408;10.6796116504854;18.9873417721519;0;5.06329113924051;6.34441087613293;27.6349614395887;4.00326123623129;5.90729688375177;81.7552855867146;7.32016706025099;86.3636363636364;6.05992610548659;27.1498859635671
"Eure-et-Loir";"28";0.293809032778462;30.441613796164;35.5694175197276;15.5775526289021;5.65663189453433;50.9279788860506;20.1822509673913;66.4688793713372;0.837364866567766;12.0252356985894;1.82534108286492;9.90699456313529;8.35214323307892;0;17.687074829932;46.3414634146341;22.5;27.5;0;1.11287758346582;97.8494623655914;15.4554457607025;10.1019995343577;76.3734544572795;6.75485634979551;95.4545454545455;4.4812178458072;42.2684326720506
"Finistère";"29";0.337489409095097;27.3771258622057;43.1733112353188;8.85967480435654;4.1251923902443;49.2348595538172;19.1850363313965;63.2108562542381;0.69124926856232;10.5837203302374;2.19108958625219;15.7102393274605;10.1546106060515;16.6666666666667;19.3717277486911;5.79710144927536;24.1379310344828;27.5862068965517;0;51.1627906976744;24.3654822335025;5.50385344486895;4.89357644096013;82.266775905003;9.82497198779054;100;8.28112201603645;43.2003314639031
"Corse-du-Sud";"2A";0.345508449787431;25.9460748464692;30.436303587845;20.5579218719168;9.18869938413251;56.6606436716254;21.2415939258112;63.6169862106125;0.650426210231272;11.7216587495186;0.441890246134386;7.13386650142329;13.629266341557;16.6666666666667;0;0;0;0;0;1.85185185185185;25.8706467661692;10.6550144269945;2.63894264784631;79.6046325542718;9.95700683142985;100;2.2633396738332;35.5559358394666
"Haute-Corse";"2B";0.33684771138935;33.5728657083314;31.7550908217008;21.5471887925137;8.7963334636587;56.4624285488697;22.978997996521;59.066042105535;0.597277907032146;11.8499964721654;0.4966518929258;9.18973706699525;13.0351006289973;17.3913043478261;0;2.94117647058824;0;0;0;6.55737704918033;49.5798319327731;19.3841195469836;2.22530574832191;81.3187060572015;9.79369494668521;100;1.97653714330169;33.8418806025665
"Gard";"30";0.337269291177045;41.7558478467527;36.0978074872229;18.3768870026956;6.78078102514556;51.4972951466237;20.2498578598406;58.2281204159896;1.2947387557427;13.183094280989;1.78373316506648;11.7735504710353;10.3197178117656;6.75675675675676;0;14.2857142857143;7.97546012269939;17.1779141104294;8.57142857142857;7.6158940397351;28.8870703764321;31.9782440882207;4.14608721067752;81.6623659281286;10.094710942096;100;6.44188197800478;43.1824622078679
"Haute-Garonne";"31";0.231721142108029;27.9528701865464;55.4619438566632;10.2709560550145;10.5659812752395;52.2567617590804;23.4398026538351;64.9032002048114;0.631120854083317;14.4156233396455;6.92047247141416;8.63867012346329;11.8138198076316;0;3.78787878787879;26.0869565217391;10.2564102564103;23.0769230769231;23.0769230769231;11.4942528735632;51.9230769230769;7.14447149345983;13.0708868360007;73.3683922765463;11.2471426793396;100;8.98535491269754;55.8395748210881
"Gers";"32";0.431213505512474;27.3833911908756;39.022456511915;13.5468470454459;3.25158713988098;52.6175257895889;22.534758898313;66.6882900801332;0.941284447764233;11.1253484398885;0.868225098421988;14.0179027128892;9.33295724959527;8.33333333333333;3.38983050847458;56.875;21.0526315789474;26.3157894736842;50;15.2542372881356;42.3398328690808;2.58645251914493;1.62447443918616;82.7757243500185;11.016393442623;100;1.25865204604118;41.4476018107219
"Gironde";"33";0.272488856459528;28.1889651060319;45.1922556237998;13.2928077373487;9.2256193869408;52.5394493634381;23.2481401792771;63.5383580077442;0.875842204669561;15.8088376825144;2.80817319244333;9.81073554425661;10.3434865235021;0;0;27.1604938271605;0;5.55555555555556;11.2903225806452;5.80357142857143;26.0523321956769;12.9973562173764;11.0516752643003;75.0083402482614;12.2148129508472;100;7.89422381392178;56.6410500734997
"Hérault";"34";0.313639964140426;37.113330694579;43.5149195307257;15.3458575171227;11.8176284817661;50.4268478984946;23.047109803821;57.6565109482906;1.06173163117531;14.5054266588679;2.95981934696475;11.125549780088;13.853620525177;4;0;13.8461538461538;4.69798657718121;5.36912751677852;7.57575757575758;1.68776371308017;33.4640522875817;30.953325421842;8.65871273875511;75.0046157912185;12.6783685720942;100;7.15947854592818;51.0779110458308
"Ille-et-Vilaine";"35";0.255180915466593;27.1618199879993;48.9919644482373;9.73056700281158;7.09503273879994;49.95324869665;21.0113252894293;65.8235645352977;0.724929197081885;12.1144139091419;3.01550204419492;12.4022188571473;11.510727978037;0;4.44444444444444;48.0769230769231;9.09090909090909;27.2727272727273;0;9.34256055363322;18.5978578383642;1.81114270955003;10.1229153423874;75.4316955757225;9.75548322095637;72.7272727272727;6.72129823812571;51.5482896217605
"Indre";"36";0.431659920678021;33.6604412971374;31.1793426235442;15.7581870767956;3.66304986478816;49.1598823316375;20.1897247688576;63.8488422242207;0.752840660689802;10.3014478993591;1.00111129754708;11.5198878783724;11.1214881119757;5.88235294117647;16.2162162162162;9.75609756097561;12.5;23.2142857142857;5.35714285714286;3.92156862745098;15.2073732718894;11.9860880846576;2.81347360195852;80.1284257574512;7.73737150436609;100;2.22582701733255;32.5616330626025
"Indre-et-Loire";"37";0.312537628466499;30.5039270000477;43.9799670356682;11.5587057558578;8.12881205767039;50.039975067446;21.6851078377901;64.436672443186;0.883540434291076;12.4371741053781;2.54016257124104;11.4386198278816;12.6360137853579;0;2.77777777777778;64.6153846153846;4.83870967741935;33.8709677419355;4.83870967741935;37.5;30.2872062663185;9.38784686503346;8.64604786638162;76.094463897429;9.95158331180745;100;5.43848124531397;55.392870407196
"Isère";"38";0.263095561690061;25.973888421154;46.512247945589;13.8212809869668;7.53821541022899;51.0738712447045;18.6122249450039;65.9804273479373;0.826920371370709;13.4208346753785;5.29341029466399;9.9779727263171;10.4407471109069;0;0;10.2362204724409;10.7843137254902;7.35294117647059;7.60869565217391;15.6673114119923;26.6666666666667;12.1932938111835;11.3940299199286;74.1662394127495;9.84241679579478;100;7.14292994398792;43.23311515409
"Jura";"39";0.34906148486616;24.6186186684363;35.9262490966222;14.8122152550432;4.01064394606839;49.9235746659705;18.5242616285797;67.1655007621097;1.01053322861293;10.0432522518948;1.29399286926974;12.0726604755587;11.4011129030905;25;0;9.52380952380952;0;0;3.7037037037037;8.52017937219731;15.3631284916201;22.8650585310227;2.49481731631439;81.9058415286225;9.20665487703362;100;3.98370966846123;30.619812100714
"Landes";"40";0.371966434684693;32.8328130473773;36.0030497150983;12.9868645885634;3.50106994973389;54.7959819852169;18.5188258841817;64.1494079196325;0.958119102962873;13.3916593090321;0.905096205882171;10.3279248812779;7.33669140045134;0;0.315457413249211;33.5526315789474;8.22784810126582;3.16455696202532;25.3424657534247;3.87409200968523;15.7936507936508;6.50062650793919;1.88482879599108;85.7863668578185;10.8370767859328;100;3.83214886878331;38.2921213327769
"Loir-et-Cher";"41";0.375549277007013;30.8299179752452;34.404029012217;15.9081044031555;4.51316723117383;49.0301305810281;20.721293082369;65.4604653731353;0.938049558166611;11.4563494222851;1.98111047517984;9.87755424218804;9.14090139162028;0;7.58293838862559;69.7674418604651;10;2.5;7.69230769230769;10.7344632768362;24.2990654205607;43.1062402093533;3.86307129937037;81.8062988490167;8.54401064853538;100;3.76902391666814;36.1127423138659
"Loire";"42";0.340346572873789;36.338456851529;39.2333774278275;14.9319879496138;5.4007262460576;50.1239719011453;17.8521786436936;62.39498594176;0.743472873758649;11.9092364446301;1.6290002278124;13.5055189307518;10.8031718068386;0;0;8.82352941176471;11.1111111111111;5.55555555555556;0;6.50759219088937;11.2395632626846;12.1638804699502;7.7088631441124;78.8760317659699;9.40176018909158;100;7.1709462681393;50.9693365025403
"Haute-Loire";"43";0.359491718577514;29.9204597345392;38.3930708310786;11.3182204671818;2.86765474347442;51.402020761435;17.0904886911067;66.190768882753;0.773943591259061;9.30792377131394;0.699932641510461;18.4388979340215;11.8033826020523;35.7142857142857;0;17.8571428571429;0;10;0;1.69491525423729;14.6381578947368;25.5403898497463;1.77320598580565;82.0248951680402;8.69507646812173;100;2.39000179262157;40.5353394267928
"Loire-Atlantique";"44";0.262923686242997;27.1354702517693;49.5114786122543;9.65906465269495;7.36041480285871;50.1791379368382;18.4108703042955;65.9597612495282;0.786242829447335;13.1009196324469;3.23445629538777;12.7227015463795;9.56472672639903;0;0;84.0909090909091;3.50877192982456;24.5614035087719;7.01754385964912;22.3404255319149;25.3968253968254;11.4144275283749;11.3331005572895;75.1721227217843;9.72001172337292;68.1818181818182;9.83543490068673;51.5878025181069
"Loiret";"45";0.294397369178219;31.4935622902491;40.6646195541542;16.1434178291291;7.40359089039821;50.0041979100808;20.4932574888843;65.2090837997183;0.842301642823312;12.4769525288259;2.75603920760491;9.84665762926709;9.40248765482845;0;18.0722891566265;41.9753086419753;19.6428571428571;25;25;7.81893004115226;22.4586288416076;18.7055522000884;9.02953455070589;77.4887322946802;7.31630475843503;95.4545454545455;5.87828002082168;49.2048076521565
"Lot";"46";0.463111905882401;27.7458259580057;38.1559562175948;13.2878168650561;4.60487086920324;50.0603710025628;22.1601013588868;64.2766032758418;0.97407205877181;10.4688923673574;1.44285498128893;15.6476578411405;10.6920948491779;26.0869565217391;0.735294117647059;0;1.66666666666667;1.66666666666667;0;0.816326530612245;35.4140127388535;5.804632588894;1.8722940301785;81.6579329645287;10.1354464203446;100;1.65590930490424;26.8107791381778
"Lot-et-Garonne";"47";0.411069130653599;35.5782591127174;32.0261228627556;18.3330397261437;4.58247063916718;52.4441701197646;22.4901937112687;62.5572487748807;0.75363807368776;10.9437331681956;0.808304199745807;14.6694085471513;9.75783905508053;0;1.30434782608696;41.7582417582418;0;0;0;3.67647058823529;36.9982547993019;1.36310611596971;1.97974252373648;82.7495857314298;8.04239663419699;95.4545454545455;3.15049632641962;28.6018819590124
"Lozère";"48";0.38126770046621;22.3232366396538;42.3347720770313;12.5001370394954;5.39147833795301;49.2058559790701;21.6272591197863;65.8022448446347;1.0968519990208;8.72338002505409;0.312506564778866;27.9628640676991;15.9356180207434;18.1818181818182;0;0;0;0;0;5.63380281690141;13.6861313868613;37.3457895588579;1.5009151838798;75.9747941370969;9.29806181246726;100;0.694341335603387;32.6944016138365
"Maine-et-Loire";"49";0.287643335816658;31.2510918254857;40.5506995595293;12.1006294508463;6.36448928616835;51.1343037146509;18.6572510733854;65.5923577542828;0.762152786134715;11.5608648435186;1.89983689057125;15.0272499185155;12.5385992999688;10.5263157894737;5.58375634517767;67.741935483871;0;10.7142857142857;17.8571428571429;12.9411764705882;17.4033149171271;5.77655698998358;5.56080276370934;79.2058277485011;9.91618462991382;95.4545454545455;5.99749532282728;49.1625650913287
"Manche";"50";0.368743367960169;31.5371952518782;33.654778966599;12.5738099750908;3.4821790073007;51.2060240917788;17.5578274061598;65.0270753476657;0.774788548015465;9.58597259728462;1.56218800458404;13.464872783968;9.67994235981457;NA;8.03212851405623;5.58659217877095;7.61904761904762;11.4285714285714;1.9047619047619;1.74418604651163;32.6776649746193;6.80878263813947;2.73658384376384;81.6903943800715;8.17181184453178;100;4.457036262235;24.600269579288
"Marne";"51";0.266798824942508;35.6857762733814;39.8499006304307;15.5946914681028;7.45005483455877;49.9331986165178;21.1662839256417;62.8854292625319;0.650738334623213;11.5512884248902;1.34238936971686;12.2348430921922;15.8130422348016;0;2.7681660899654;27.3584905660377;20;16;14.7651006711409;14.5669291338583;57.3584905660377;5.22813245928682;7.63917654312604;75.1519460988695;9.6344851506308;100;4.16738605388786;59.1676944948441
"Haute-Marne";"52";0.357989603782264;40.2950581202095;29.9982582956894;15.8046108769194;3.41003000115015;52.3197353128375;18.5638147564089;62.1947241017186;0.863076401349585;9.37966849256598;0.921705198201904;9.91369648060973;13.4809147667747;0;0.480769230769231;17.8571428571429;7.47663551401869;4.67289719626168;2.10526315789474;9.87654320987654;11.864406779661;NA;2.29931748849714;79.1899605980033;8.85577811847924;100;2.54356929215462;43.1472078779873
"Mayenne";"53";0.332547161971802;30.3253281292679;36.9027968415793;12.2583549146337;3.63959434776857;50.5965925799943;19.4452007069249;68.8369099565684;0.718791869637051;10.2578808734812;1.4639381899397;12.4868637598398;10.7092834473877;0;8.45070422535211;31.7073170731707;0;22.2222222222222;0;11.3636363636364;24.3055555555556;3.76791232841739;2.41667960327878;80.5964135336618;7.31776330125443;100;3.51652437933276;54.2663957214069
"Meurthe-et-Moselle";"54";0.272098476884262;33.7219266296897;41.2301866060859;13.6722796452469;8.07457480715193;47.4135803807827;20.3144982420277;61.1940778231393;0.905344681668818;12.2081955276386;2.16687761920845;12.5278624391575;12.2691493769566;0;0;26.7676767676768;9.16666666666667;4.16666666666667;0;5.85585585585586;48.0129764801298;4.80697712859755;10.1074829410192;76.6559304323913;10.3257106096677;100;7.03936485709409;49.8125001909203
"Meuse";"55";0.319083099895308;38.2654093689421;30.8279271587689;14.6669907636757;3.27891156985974;50.228856022304;17.1359999573725;62.6438800495016;0.94049725981499;10.1943876059632;0.709115100239272;12.4330472546789;11.7488045454582;0;0;10.4938271604938;3.52112676056338;4.22535211267606;8.45070422535211;7.39856801909308;47.7966101694915;10.5651780737177;2.37569326936039;80.6777666698349;8.24936041351224;100;2.57663599725602;22.1126234026087
"Morbihan";"56";0.357869691913345;31.1123899055552;38.8884640369127;10.2617388595248;4.39616028012604;51.4687871713341;19.105853706754;63.480119839215;0.8705136253331;11.175668129802;1.32182360101948;13.8091740915746;9.13863450051452;14.2857142857143;3.37837837837838;18.1818181818182;14.8148148148148;18.5185185185185;0;25.7575757575758;22.6738934056007;4.39996855981674;3.34471402627922;83.1274609170639;9.67544743884024;100;6.75243608215762;36.6431662240278
"Moselle";"57";0.269257945644155;35.423688782127;38.8552538733247;14.9485363241247;5.39434532120229;49.5500199520092;15.4091757655425;61.8205339661557;1.02511362337888;11.7532617550857;1.52603452168687;11.9678741850931;8.7365130431639;5.26315789473684;0.401606425702811;42.2680412371134;11.6071428571429;8.03571428571429;8.92857142857143;4.14593698175788;47.4732006125574;4.04544706469362;7.59325235832075;81.6458191464628;8.60160320871374;100;9.58625061861547;50.7169007773528
"Nièvre";"58";0.447978508666675;36.6287599097991;31.6313581162399;15.9956431746672;4.77708118029522;48.6313948217878;21.3880768908484;60.0074724262704;0.87266988568442;10.1685866816521;0.774233954912825;12.3349264767107;11.6214372108325;6.25;0.909090909090909;3.92156862745098;3.33333333333333;6.66666666666667;1.66666666666667;1.93236714975845;52.4038461538462;15.953798760994;3.01587429713725;79.2239906311681;8.10042656003446;100;2.05405102156008;22.3801695900254
"Nord";"59";0.233207927728507;46.6003585360317;42.3710447926451;15.7034811924452;7.67954212824695;47.3791307490945;22.091374058177;57.4584113890716;0.830140173064991;13.1652906224777;2.26221291036292;11.1893789970045;10.4996690603041;0;1.50375939849624;75.7575757575758;16.8421052631579;8.42105263157895;2.10526315789474;4.44824636441403;36.1392405063291;4.19565475935034;11.5405489696163;74.8862223244426;9.95593576577739;59.0909090909091;17.2805889024435;54.1702490949114
"Oise";"60";0.230985791371188;31.9852828806609;35.7304297933554;18.0114302054685;7.76753584364818;50.448073812202;20.9756735419656;64.0794396747123;1.10631816551669;13.62883678514;1.95333697797258;10.4405267261544;8.06294440405945;0;2.58620689655172;21.4765100671141;10.126582278481;5.06329113924051;11.3924050632911;100;97.7099236641221;7.64201215788558;10.7104411460535;77.2372757824584;7.28001172619338;100;8.30253917278848;48.0034452200962
"Orne";"61";0.385121123377571;38.5315919105379;30.4837233683887;16.5551256083244;4.1347170135365;48.8360864556615;20.4924700909693;62.5981454921022;0.732073426341517;9.9796504919546;1.04113972794638;15.2740183499139;11.2070003742838;0;3.55329949238579;13.8888888888889;8.33333333333333;26.6666666666667;1.66666666666667;100;14.8058252427184;13.1485317707435;2.17408562161177;80.7253142169313;7.71503040834057;95.4545454545455;2.38907138087086;38.3948537612382
"Pas-de-Calais";"62";0.260745443229967;48.8738781804878;32.4766873991797;15.5525470512701;4.53629042590239;48.3825125580212;19.0798311765811;56.8442106463437;1.0780227382466;11.954463088279;1.02785231959877;12.1996200114384;8.69142258763342;0;7.65027322404372;56.8627450980392;18.7817258883249;6.5989847715736;3.57142857142857;4.26164519326065;35.2662721893491;1.50140320747825;4.67394293913398;82.4178599918631;9.09961978528972;90.9090909090909;11.6697641492201;44.654850263763
"Puy-de-Dôme";"63";0.30983145483298;28.1635933810777;44.4082101582202;12.1116805755483;6.86009759744186;50.6424091775546;20.5568755367986;64.1363257579832;0.814817897818518;11.3159454172045;3.24352463112674;10.4599327790554;12.9486563600869;0;1.8957345971564;48;7.40740740740741;12.962962962963;1.85185185185185;8.59375;12.3668639053254;15.6086976395529;7.01465735251032;77.9322471353144;10.1518745265563;100;4.1445401298782;58.8264619305606
"Pyrénées-Atlantiques";"64";0.357506757586812;28.3255638807532;45.4009271751613;9.95657565376045;6.23640265600134;52.8351554462977;20.1035957970231;65.1200318404909;0.779501462093899;11.9113264477915;2.26938059505124;13.0955923377348;9.84023671887787;0;0.5420054200542;5.17241379310345;0;2.72727272727273;10.9090909090909;11.8226600985222;25.5230125523013;29.9114559280419;3.84720183758236;82.8027113885025;11.2251947923489;100;4.56290506045031;48.1701089163303
"Hautes-Pyrénées";"65";0.414611077335767;33.8335661341797;36.2255338376289;13.6069118468183;4.53394525088454;52.3003425120518;20.8162865393644;62.4742024405927;0.893343270415906;10.5875563167889;1.32348089160609;13.8894220122536;11.8053711849708;0;0;27.8688524590164;14.8148148148148;0;14.8148148148148;4.76190476190476;25.1639833035182;19.054608052378;1.89517450704631;82.8672757788109;11.1378030137585;100;3.184892084881;42.1455153569084
"Pyrénées-Orientales";"66";0.406400525586562;47.7407260621862;33.5153476823915;19.9980328811116;7.11753935561879;50.3449480466386;23.5992559020108;55.827904713394;0.585240625441159;14.092500084956;0.739887928467853;13.0174387880923;12.2834462872317;0;0;30.7692307692308;2.1978021978022;4.3956043956044;0;0.709219858156028;22.3862238622386;30.5833442395574;3.55718453806179;80.7124597866947;12.9522845556873;100;5.37803027841223;45.5414559696708
"Bas-Rhin";"67";0.24834055341438;33.3851791778789;43.6923778621655;14.2246965402682;9.02822951099767;49.4999877438953;19.2802243010995;65.0354611026107;0.659278547190503;11.7081048802997;3.01778141912091;9.8977812239347;12.4618699651139;10.5263157894737;4.47368421052632;16.2037037037037;2.06896551724138;14.4827586206897;5.03597122302158;6.21621621621622;29.45301542777;14.4305728740551;12.9100413628125;70.374584857937;11.1339261242884;90.9090909090909;10.9203161084433;73.3992835160525
"Haut-Rhin";"68";0.273336107205996;35.0340348366945;37.252465210187;16.7576383485512;6.16996686859853;49.2804655071076;16.6050996485084;64.3677424103227;0.843176498850223;11.3540701920832;2.06299834659616;12.4258272151262;9.30688668091763;0;0;17.910447761194;13.6363636363636;6.81818181818182;8.06451612903226;5.37634408602151;28.61328125;20.3876532944212;7.64010802783518;78.9677111215762;8.77476865921009;100;10.9758667307121;60.4662873442805
"Rhône";"69";0.247100843747263;29.7323633592311;53.5741444199303;12.8882884388845;12.1183817945925;50.1011941315028;23.6511126505067;64.4982916411839;0.751818338997858;14.8291556743221;4.4591187720243;10.0375897313403;13.2754712957044;0;0;34.375;13.8461538461538;13.8461538461538;15.2777777777778;14.6551724137931;28.0534351145038;0.899182518149496;23.27367102876;60.5375878095938;10.0283869392331;95.4545454545455;17.5637485278865;89.4864018449956
"Haute-Saône";"70";0.328981377603992;31.7231885772966;32.3085187992574;15.707553486822;3.0892210786301;51.2938178223586;16.4578303822697;64.3073193527283;0.812487311181292;10.6251339190058;1.2245000639683;16.2775552733548;9.03636369341543;0;0;12.5;10.7142857142857;2.38095238095238;12.6760563380282;0.778210116731518;25.8620689655172;12.362387431399;2.9961154316291;83.5669681661124;9.10437303595178;100;3.98679614704652;40.7194055448675
"Saône-et-Loire";"71";0.388848972055373;33.0338777225762;34.6466037419315;15.2744775483654;4.3801327844939;50.8647675321246;17.5278218366913;64.4477844648389;0.862347548401502;10.6142645657156;1.45199158451404;10.415380230846;10.4377381525229;0;0;46.0526315789474;4.10958904109589;1.36986301369863;7.35294117647059;4.24929178470255;23.3918128654971;9.63769481789389;3.04746785898589;81.5743991635367;8.18657473712998;100;4.74056229193095;32.9641400809741
"Sarthe";"72";0.322473408963957;37.6203795365755;35.7948879827106;14.1668505383268;4.605765693402;51.3006933601601;18.2183565960639;64.5255157423639;0.758753820152766;10.7310051169149;1.76563522036929;11.3807829987766;9.96797482685109;8.33333333333333;10.4166666666667;41.5094339622642;16.6666666666667;6.25;4.16666666666667;3.41207349081365;19.7053406998158;5.6327284882741;7.1056925115072;77.9222546865173;7.4020676559533;100;4.84851112666327;50.5294654284657
"Savoie";"73";0.29236052309277;20.1316681853399;43.8602812715739;12.0876171559141;7.97994577500702;51.2496152627043;18.5263563204259;69.3174529414843;0.778776795373297;10.955808136218;1.57844189018569;9.54586739327884;13.6804212052671;2.08333333333333;0;0;0;0;0;16;32.4;17.4357779520592;6.77361732900826;75.783759593875;11.8990733713729;100;3.74340449513784;33.7340345705115
"Haute-Savoie";"74";0.237099882601772;18.8523855990603;46.1733190753127;12.803736804559;8.97829522875312;51.7792269077862;19.125305523713;71.4237836720903;0.562583485254709;11.6949486977111;1.940788849834;9.82699239086904;10.0810311941729;2;0;2.22222222222222;0;0;0;1.77514792899408;24.6212121212121;16.9554210650313;6.53211119557049;78.2336863286385;9.92176237059889;100;9.00521004807309;32.8951726386239
"Paris";"75";0.22509407732124;23.3131110206396;76.5422218187001;7.71800558861955;32.4792059081904;51.5906705908957;32.5000439540382;68.0822410077759;0.513888532359121;12.7890656378897;3.88834673724664;8.96713365196695;14.0846287868151;0;0;0;NA;NA;NA;0;50;0;64.2700268593724;12.3447084760919;11.7769185906429;0;97.6411652972321;99.8
"Seine-Maritime";"76";0.279749059845308;37.4873697217755;37.8119389667314;14.9592658295907;7.48541552153531;49.7406374190127;19.724569301305;61.2294788442092;1.09316374242278;11.9951828677645;1.90041264166318;9.64664188979277;11.3382452506902;0;5.37190082644628;7.38636363636364;7.14285714285714;3.06122448979592;0;10.6807511737089;46.96;3.01183039052185;9.96720412778426;76.0065947866507;9.88139150343424;100;9.32816800334077;41.5368258219989
"Seine-et-Marne";"77";0.195099146269673;25.8195198212579;40.8976619227118;16.101992760441;11.4149901547078;50.7089209940137;23.6481077254899;67.7139339618441;1.06750806316005;14.676803628645;2.12565546579044;6.99984537459177;6.25324858831621;0;24.5614035087719;79.4964028776978;14.5833333333333;28.125;27.0833333333333;5.38194444444444;27.8947368421053;10.8081616927196;26.4771968541346;63.2170190550406;7.57704416894196;81.8181818181818;11.2656761850581;56.9504095494252
"Yvelines";"78";0.235010768592641;20.5847448887811;53.3330613751123;12.501675623348;12.0974823067296;50.6397017589245;22.5968532224107;68.3597208816066;1.01438929923693;14.6360566714241;6.44130073171885;6.75419020457968;7.4929531191486;0;7.07070707070707;64.1025641025641;13.1147540983607;8.19672131147541;8.19672131147541;10.9947643979058;65.3465346534654;10.4206022164362;30.9779213431902;56.1161667708984;7.83585501558027;9.09090909090909;20.7955393181031;74.212386623591
"Deux-Sèvres";"79";0.351758006618041;32.320231740323;37.1355477542651;12.8418604197891;3.03005855116783;49.5655145474434;17.9244024420374;67.3100589067308;0.617813296658158;10.5596280458834;2.16193159670119;18.0317215817469;9.00557354475263;0;28.2608695652174;8.64197530864197;11.1111111111111;62.962962962963;0;4.83870967741935;21.2633451957295;17.9886657954038;2.3315270247052;83.2077752981813;7.79005924192819;100;4.59695527982742;46.7166717465686
"Somme";"80";0.277966823559015;40.5916682292963;36.4399178122651;17.5303264648718;7.18360002378533;48.8199875528313;22.9858181495555;59.3873536155097;0.759331859293603;11.6278502324106;1.40060274553164;10.4135683849946;14.1472985939829;NA;0;21.1538461538462;15.1079136690647;5.03597122302158;5.75539568345324;81.3333333333333;64.8;2.67481548370059;6.18495535938994;77.5626699636471;10.0939065692613;95.4545454545455;6.38487544984215;40.4467934014241
"Tarn";"81";0.389548960969528;36.9572824453364;38.6273894583323;13.7771318348967;4.23337667704073;50.9597711360897;18.3204178794008;62.5461944276468;0.910250020544576;11.5233907444972;1.22386966585888;17.1154648578887;10.3782216001971;7.14285714285714;0.452488687782805;16.5137614678899;12;32;4;0.945626477541371;26.2752646775746;6.71645245126889;3.02591925284476;82.8378200642876;9.75358541799966;100;3.13926577573893;31.0794349973311
"Tarn-et-Garonne";"82";0.340576139412207;35.2820502082751;32.510921423385;18.1784700710277;4.36800244917698;53.2884267472473;19.4565240730017;63.3107075219476;0.731525430140004;13.287399642738;1.12641255767697;14.3149095714439;8.82477246677066;14.2857142857143;1.50753768844221;29.2682926829268;23.3333333333333;10;23.3333333333333;1.63265306122449;49.8714652956298;3.34159376137232;2.57091882668206;83.2576772535311;8.98732272802857;100;3.68931375105759;37.3397571370191
"Var";"83";0.403382537658083;31.9599112989919;35.3271161971689;16.0271801669107;10.4718616311111;52.0292800752281;20.6834863524065;60.6815365701806;0.890493070495657;13.5037986279137;1.13746400504616;10.6319083149729;11.7489965407761;8;0;12.9032258064516;4.54545454545455;15.9090909090909;0;27.7027027027027;22.3350253807107;19.8263955084271;5.52346354514614;77.6288415284303;10.912992722103;100;9.21093014596829;40.8771788956152
"Vaucluse";"84";0.32779937192366;37.820696599362;34.7427068891208;18.9344198136091;7.20133417762847;52.6494179375104;20.6090314905184;59.9804428951769;1.00749876068569;12.8475588474813;1.13635919496341;10.5077035368938;10.6152815554692;16.6666666666667;0;20.5128205128205;3.79746835443038;10.126582278481;19.672131147541;8.40336134453782;25.2129471890971;12.6216931911139;3.59113522857503;81.5755406405499;10.0293303798519;95.4545454545455;6.94437204482014;54.1588313751941
"Vendée";"85";0.359089850444144;30.5195904128406;35.5821958111517;10.9234875596998;3.28420548084942;53.5867186239421;15.214776900235;67.0135841069836;0.659614414940517;11.0997688909214;1.25791176818145;13.5088547815821;7.91561562999979;0;2.04081632653061;48.3870967741936;8.69565217391304;17.3913043478261;1.49253731343284;2.05882352941176;20.8868144690782;13.9969137018903;1.56897250459248;85.3332267200336;7.92905234986906;100;7.70844517112385;39.5960581028921
"Vienne";"86";0.318876825070811;34.6489962134289;41.9667500776492;12.5876505124882;7.72944828071955;50.1734912884793;20.9484259162492;63.385486341207;0.850036083900181;11.9406695392774;2.0085380837;11.9298073141958;13.0776328771867;0;19.8863636363636;12.8571428571429;3.8961038961039;28.5714285714286;9.09090909090909;2.55681818181818;17.7777777777778;9.09002780773351;4.71402241378644;82.120459114854;10.0645655731839;95.4545454545455;4.01822336861491;35.8955220900374
"Haute-Vienne";"87";0.365000197121779;35.0700872883634;41.0623387622571;14.0786706454341;6.90184163663182;48.8321151409734;22.936970592289;62.4037454148826;0.769642526908812;11.5648694514939;1.33001541688669;11.5587279675426;13.0023539573062;0;0;0;0;0;0;10.6194690265487;17.9723502304147;1.68775356971671;4.83767071396024;81.9462084562425;12.2807343985497;100;3.66967623380719;55.6529833377869
"Vosges";"88";0.341677268131365;39.5415075605071;32.7975116091743;14.6023796579795;3.59046356624139;48.8083773934274;18.7999580011222;61.3133484107404;0.96762391099731;10.6241074189131;1.0415319723561;10.8192147064724;11.0374196942838;7.14285714285714;0;17.6470588235294;4.04040404040404;3.03030303030303;0;1.64835164835165;34.8265895953757;8.36056187651719;2.5878427634768;82.4083932857731;8.88746118428097;100;4.872943686745;38.5260403472458
"Yonne";"89";0.360859723449138;34.8632405047655;30.242826632939;19.0677697709493;5.10564079533142;49.8827979855604;20.4896314226254;63.0313418586862;0.852584400526306;10.9358025104043;0.966821116532607;10.7858305777185;10.0941737085068;16.6666666666667;17.9245283018868;17.6470588235294;30.4347826086957;9.56521739130435;15.6521739130435;23.8636363636364;41.5300546448087;1.70691204215283;5.14432714341503;79.0199833054276;7.43094197429011;100;3.31836355234959;22.5647171105324
"Territoire de Belfort";"90";0.269327374178757;39.452581554035;41.1704851802994;16.2398150851255;6.2550740238659;49.6368036054975;15.8069485536858;61.0153341393286;0.735959703795323;12.0305025339838;3.93089279907152;11.0597063020761;13.8348462725429;0;0;11.1111111111111;0;0;0;13.6363636363636;23.5668789808917;16.913445379584;8.4163878238732;76.6208023779385;8.31404935773969;31.8181818181818;11.7625780693859;47.0808661729701
"Essonne";"91";0.215293036767701;25.2351450472762;45.9112602141553;15.7270465544428;12.7367640387915;50.4996967374765;25.1228852832609;67.368614134981;0.790367696097103;15.059254604512;6.29169124105847;7.16282940879421;6.50894695428922;NA;4.34782608695652;60;0;5;5.26315789473684;13.9784946236559;58.7755102040816;1.57975155780902;28.0753135462098;60.8885445604018;7.28575618895025;4.54545454545455;24.3400451010075;48.7164999160622
"Hauts-de-Seine";"92";0.215519768129295;20.5810501673955;66.7910331485162;9.66245763981898;22.2524748874146;51.1514947034992;26.7037100454258;69.6886530441318;0.588573964427028;15.7709246899538;8.46112025597239;4.91025148164363;12.125937836211;NA;0;0;0;0;0;17.7777777777778;22.5;0;45.7863765422633;33.6899576748909;7.87973237700044;0;88.2583100847027;95.005142292031
"Seine-Saint-Denis";"93";0.171180575844152;37.272767308006;37.1484987761423;25.5659840589066;26.1978174812953;48.5838736630596;33.2509293832203;59.4651189002369;0.936893289315418;17.8166989200706;3.68897391371677;5.72669939290857;7.77424790927899;NA;NA;NA;NA;NA;NA;16.6666666666667;33.6134453781513;4.88546828696995;50.3382073269906;36.3455532338794;6.49256410452264;0;93.0392030474148;68.0871584982027
"Val-de-Marne";"94";0.213640440895482;24.0420434532308;52.007420352629;15.1886948168986;20.6159690081373;50.2510298821471;29.1132884697764;66.1307741672942;0.909000366293047;17.0784216310615;3.61350610786559;7.40187671834836;8.46295047807346;NA;0;42.3076923076923;0;0;83.3333333333333;6.25;47.7611940298507;0;46.387605907425;38.9802860324963;7.1646304611077;0;83.1270370469663;83.9108615346804
"Val-d'Oise";"95";0.188334422410368;27.3135453486767;42.1990638852332;18.0330176724014;15.3728705641521;50.0464577265435;26.6921956969539;64.6818434782225;0.789798491839442;16.2064340115949;2.45011895209393;6.92746672926762;6.49002145858584;NA;6.77966101694915;41.6666666666667;20.8333333333333;0;12.5;7.17948717948718;55.8823529411765;3.72505294093236;35.1607960878602;53.9478367814171;7.21668896651207;4.54545454545455;26.3775668971549;47.9789097605755
"Guadeloupe";"971";0.247058496557182;56.1866925696026;31.9370811089145;21.1156770676968;11.0431125265249;58.9994082372056;28.9786021357898;49.1713280006526;0.990021278246571;9.74755430276903;0.569018136903447;10.7801733718604;9.09105555191888;27.7777777777778;0;16.2790697674419;0;0;6.45161290322581;12.5;17.1875;0;6.0518777300424;82.7332233673371;7.49651412093377;NA;12.3175351403043;55.4528126347141
"Martinique";"972";0.274505785111559;49.3624341882024;35.2804562284861;17.9010737408842;11.7611624075464;56.7352649189134;24.8222875955027;52.4415436447939;1.05491037111989;9.08610985754792;0.531067600063755;10.5295735900963;7.57748094209699;0;0;54.8780487804878;1.63934426229508;1.63934426229508;45;11.6279069767442;20;0;8.38589950806862;82.1302506780546;7.78826342563771;NA;12.8536887373231;51.1861145534487
"Guyane";"973";0.0747994693816712;69.6203303390055;19.4101435743305;50.7926201885793;36.0805904224273;57.4624055974502;36.8624958078863;41.1674748664024;0.961453493052316;12.6131953428202;1.09009038871582;7.87844163503004;20.0750813452233;87.5;0;0;0;0;2.56410256410256;17.8571428571429;48.780487804878;0;2.71777157434371;72.0766384027176;4.71589693189294;NA;0.108567956204079;18.3068161506002
"La Réunion";"974";0.148510163936596;67.0517535007824;27.6677237289672;26.2335167081443;14.6407695611953;51.965605411649;33.2533670382171;44.7716219008774;1.02109201090305;12.5268338186841;0.56602045495105;11.1487949824142;14.0596924233718;16.6666666666667;0;5.88235294117647;0;0;0;14.2857142857143;16.6666666666667;0;5.55126759156514;78.0054679282237;10.073958757284;NA;11.5552751170719;58.528165734343
"Mayotte";"976";0.0490002220115562;NA;11.7138426989031;63.176702015953;58.9362330094988;57.861846543431;48.2433377506257;29.0943961982788;0.635145189889683;NA;0.348252912027424;NA;NA;NA;0;0;NA;NA;NA;31.25;20;0;30.4544098235286;41.7434726622025;NA;NA;7.90903007779969;18.2469904787269
NA;NA;NA;NA;NA;NA;NA;NA;NA;NA;NA;NA;NA;NA;NA;NA;NA;NA;NA;NA;NA;NA;NA;NA;NA;NA;NA;NA;NA;29.4366429404432
